,negative,neutral,positive
negative,0.22950819672131148,0.19672131147540983,0.5737704918032787
neutral,0.0,0.9496402877697842,0.050359712230215826
positive,0.0,0.2543859649122807,0.7456140350877193
