train_size,train_score_mean,train_score_std,val_score_mean,val_score_std
362,0.43716977589470807,0.033462667640021884,0.13408616423928554,9.472706763636873e-05
724,0.7025792326477667,0.13575865118851593,0.40968017980233584,0.01302425103731622
1086,0.6838614574157728,0.12965647200077202,0.4961730848902676,0.06580409288712216
1448,0.5985378888758313,0.00909761161493766,0.5017023858882247,0.0707497421615106
1811,0.7711870677886491,0.024623235518487177,0.5790561554545423,0.07845585167903246
