{
    "negative": {
        "precision": 1.0,
        "recall": 0.22950819672131148,
        "f1-score": 0.37333333333333335,
        "support": 61.0
    },
    "neutral": {
        "precision": 0.8655737704918033,
        "recall": 0.9496402877697842,
        "f1-score": 0.9056603773584906,
        "support": 278.0
    },
    "positive": {
        "precision": 0.6343283582089553,
        "recall": 0.7456140350877193,
        "f1-score": 0.6854838709677419,
        "support": 114.0
    },
    "accuracy": 0.8013245033112583,
    "macro avg": {
        "precision": 0.8333007095669195,
        "recall": 0.6415875065262716,
        "f1-score": 0.6548258605531886,
        "support": 453.0
    },
    "weighted avg": {
        "precision": 0.825481106032102,
        "recall": 0.8013245033112583,
        "f1-score": 0.7785697119852457,
        "support": 453.0
    }
}