{
    "negative": {
        "precision": 0.7391304347826086,
        "recall": 0.8360655737704918,
        "f1-score": 0.7846153846153846,
        "support": 61.0
    },
    "neutral": {
        "precision": 0.9537366548042705,
        "recall": 0.9640287769784173,
        "f1-score": 0.9588550983899821,
        "support": 278.0
    },
    "positive": {
        "precision": 0.8543689320388349,
        "recall": 0.7719298245614035,
        "f1-score": 0.8110599078341014,
        "support": 114.0
    },
    "accuracy": 0.8984547461368654,
    "macro avg": {
        "precision": 0.8490786738752379,
        "recall": 0.8573413917701043,
        "f1-score": 0.8515101302798227,
        "support": 453.0
    },
    "weighted avg": {
        "precision": 0.8998317986970276,
        "recall": 0.8984547461368654,
        "f1-score": 0.8981988638124525,
        "support": 453.0
    }
}