{
    "negative": {
        "precision": 0.7,
        "recall": 0.8032786885245902,
        "f1-score": 0.7480916030534351,
        "support": 61.0
    },
    "neutral": {
        "precision": 0.931899641577061,
        "recall": 0.935251798561151,
        "f1-score": 0.933572710951526,
        "support": 278.0
    },
    "positive": {
        "precision": 0.8076923076923077,
        "recall": 0.7368421052631579,
        "f1-score": 0.7706422018348624,
        "support": 114.0
    },
    "accuracy": 0.8675496688741722,
    "macro avg": {
        "precision": 0.813197316423123,
        "recall": 0.825124197449633,
        "f1-score": 0.8174355052799411,
        "support": 453.0
    },
    "weighted avg": {
        "precision": 0.8694150627711833,
        "recall": 0.8675496688741722,
        "f1-score": 0.8675938464458237,
        "support": 453.0
    }
}