,negative,neutral,positive
negative,0.8032786885245902,0.06557377049180328,0.13114754098360656
neutral,0.02158273381294964,0.935251798561151,0.04316546762589928
positive,0.13157894736842105,0.13157894736842105,0.7368421052631579
