train_size,train_score_mean,train_score_std,val_score_mean,val_score_std
362,0.9909642927385445,0.009528625191633663,0.35296585538907516,0.08127604748342299
724,0.9438384406045044,0.006549990375454935,0.5145409673363976,0.04400987709601657
1086,0.950347856583373,0.007278869970892535,0.5360883552508993,0.03807009303488607
1448,0.9264772474394258,0.018283922942399406,0.580185798453479,0.07059945598772838
1811,0.9461337661465887,0.007207891861927235,0.6851647441355789,0.08249051188976995
