,negative,neutral,positive
negative,0.8360655737704918,0.03278688524590164,0.13114754098360656
neutral,0.01079136690647482,0.9640287769784173,0.025179856115107913
positive,0.13157894736842105,0.09649122807017543,0.7719298245614035
