train_size,train_score_mean,train_score_std,val_score_mean,val_score_std
362,0.9986297156553926,0.0027405686892148394,0.22052123289240635,0.03984035489792649
724,0.9941998843778521,0.0028646892201059774,0.5080665116293204,0.031116571685584488
1086,0.9930837543183644,0.0035782690366001763,0.546578274916871,0.04111947819165147
1448,0.9928005874309023,0.003460081453692241,0.5872701788422681,0.0658036074329683
1811,0.9894768642909696,0.003122522688630755,0.7142167356022986,0.06489750066580095
